share_url,title
https://vnexpress.net/nam-2024-lan-dan-cua-boeing-4834484.html,Năm 2024 lận đận của Boeing
https://vnexpress.net/gm-doi-mat-loi-bat-cap-hai-voi-chinh-sach-oto-cua-ong-trump-4823422.html,GM đối mặt 'lợi bất cập hại' với chính sách ôtô của ông Trump
https://vnexpress.net/my-co-the-trong-cho-gi-khi-elon-musk-lam-chinh-tri-4819264.html,Mỹ có thể trông chờ gì khi Elon Musk làm chính trị?
https://vnexpress.net/cuoc-cai-to-ban-dieu-hanh-cua-ga-khong-lo-xa-xi-lvmh-4816858.html,Cuộc cải tổ ban điều hành của gã khổng lồ xa xỉ LVMH
https://vnexpress.net/so-phan-kho-doan-cua-tiktok-trong-nhiem-ky-hai-cua-ong-trump-4816176.html,Số phận khó đoán của TikTok dưới thời ông Trump
https://vnexpress.net/ly-do-bieu-tuong-nha-bep-tupperware-pha-san-4794748.html,Lý do biểu tượng nhà bếp Tupperware phá sản
https://vnexpress.net/boeing-cang-thieu-tien-neu-dinh-cong-keo-dai-4793372.html,Boeing càng thiếu tiền nếu đình công kéo dài
https://vnexpress.net/5-nam-vuot-kho-cam-van-cua-huawei-4787556.html,5 năm vượt khó cấm vận của Huawei
https://vnexpress.net/telegram-kinh-doanh-the-nao-truoc-khi-ceo-bi-bat-4785450.html,Telegram kinh doanh thế nào trước khi CEO bị bắt
https://vnexpress.net/con-loc-temu-khuay-dao-the-gioi-4784111.html,Cơn lốc Temu khuấy đảo thế giới
https://vnexpress.net/cac-ngan-hang-mac-ket-voi-khoan-vay-13-ty-usd-cua-musk-4784160.html,Các ngân hàng mắc kẹt với khoản vay 13 tỷ USD của Musk
https://vnexpress.net/5-nam-boeing-thut-lui-truoc-airbus-4782374.html,5 năm Boeing thụt lùi trước Airbus
https://vnexpress.net/dang-sau-chuyen-thay-tuong-cua-starbucks-4781436.html,Đằng sau chuyện thay tướng của Starbucks
https://vnexpress.net/tham-vong-5-ty-usd-cua-hang-taxi-tu-hanh-7-nam-tuoi-o-trung-quoc-4780072.html,Tham vọng 5 tỷ USD của hãng taxi tự hành 7 năm tuổi ở Trung Quốc
https://vnexpress.net/ceo-giup-hang-chuc-nhan-vien-thanh-trieu-phu-usd-4774667.html,CEO giúp hàng chục nhân viên thành triệu phú USD
https://vnexpress.net/that-bai-dang-nho-nhat-su-nghiep-cua-ty-phu-anh-4772320.html,Thất bại 'đáng nhớ nhất sự nghiệp' của tỷ phú Anh
https://vnexpress.net/tu-cu-nhan-nong-nghiep-thanh-ty-phu-trang-suc-4766560.html,Từ cử nhân nông nghiệp thành tỷ phú trang sức
https://vnexpress.net/van-cuoc-xe-dien-cua-ford-o-chau-au-4766262.html,Ván cược xe điện của Ford ở châu Âu
https://vnexpress.net/nike-chim-trong-rac-roi-4764295.html,Nike chìm trong rắc rối
https://vnexpress.net/92-tuoi-lan-dau-lot-top-phu-nu-giau-nhat-my-4759731.html,92 tuổi lần đầu lọt top phụ nữ giàu nhất Mỹ
https://vnexpress.net/cu-nga-xe-dien-cua-ga-khong-lo-cho-thue-oto-hertz-4756088.html,'Cú ngã' xe điện của gã khổng lồ cho thuê ôtô Hertz
https://vnexpress.net/cu-ba-102-tuoi-van-lam-viec-o-cong-ty-rieng-4753330.html,Cụ bà 102 tuổi vẫn làm việc ở công ty riêng
https://vnexpress.net/tu-con-nha-nong-thanh-nu-ty-phu-tu-than-giau-nhat-my-4753276.html,Từ con nhà nông thành nữ tỷ phú tự thân giàu nhất Mỹ
https://vnexpress.net/cuoc-chien-giam-gia-cua-starbucks-o-trung-quoc-4751036.html,Cuộc chiến giảm giá của Starbucks ở Trung Quốc
https://vnexpress.net/tu-quay-ca-phe-nho-thanh-cong-ty-ty-usd-4748292.html,Từ quầy cà phê nhỏ thành công ty tỷ USD
https://vnexpress.net/boeing-co-the-cam-cu-bao-lau-sau-khi-lo-hang-chuc-ty-usd-4741919.html,Boeing có thể cầm cự bao lâu sau khi lỗ hàng chục tỷ USD?
https://vnexpress.net/nhung-sai-lam-khien-intel-mat-hao-quang-nganh-chip-4739763.html,Những sai lầm khiến Intel mất hào quang ngành chip
https://vnexpress.net/ai-co-the-mua-tiktok-4739324.html,Ai có thể mua TikTok?
https://vnexpress.net/tim-cook-kiem-va-tieu-so-tai-san-ty-usd-nhu-the-nao-4734474.html,Tim Cook kiếm và tiêu số tài sản tỷ USD như thế nào
https://vnexpress.net/chuyen-gi-dang-xay-ra-voi-tesla-4732212.html,Chuyện gì đang xảy ra với Tesla?
https://vnexpress.net/mark-zuckerberg-lan-dau-giau-hon-elon-musk-ke-tu-2020-4731284.html,Mark Zuckerberg lần đầu giàu hơn Elon Musk kể từ 2020
https://vnexpress.net/boeing-lun-sau-vao-khung-hoang-4727133.html,Boeing lún sâu vào khủng hoảng
https://vnexpress.net/cua-vao-dong-nam-a-cua-may-bay-made-in-china-4723158.html,Cửa vào Đông Nam Á của máy bay 'Made in China'
https://vnexpress.net/bi-quyet-thanh-cong-cua-ceo-nvidia-4723184.html,Bí quyết thành công của CEO Nvidia
https://vnexpress.net/tiktok-tac-dong-the-nao-den-kinh-te-my-4722361.html,TikTok tác động thế nào đến kinh tế Mỹ
https://vnexpress.net/cac-ty-phu-nghi-gi-ve-bitcoin-4718756.html,Các tỷ phú từng nói gì về Bitcoin?
https://vnexpress.net/cong-ty-me-zara-tim-cach-canh-tranh-voi-shein-4714278.html,Công ty mẹ Zara tìm cách cạnh tranh với Shein
https://vnexpress.net/thang-tram-cua-havaianas-hang-dep-xo-ngon-quoc-dan-brazil-4694567.html,Thăng trầm của Havaianas - hãng dép xỏ ngón quốc dân Brazil
https://vnexpress.net/nhung-linh-vuc-dau-tu-ua-thich-cua-warren-buffett-4696504.html,Những lĩnh vực đầu tư ưa thích của Warren Buffett
https://vnexpress.net/startup-day-nuoi-cua-bien-tai-nha-4696085.html,Startup dạy nuôi cua biển tại nhà
https://vnexpress.net/thoat-pha-san-nho-y-tuong-nuoi-hau-tren-can-4693734.html,Thoát phá sản nhờ ý tưởng nuôi hàu trên cạn
https://vnexpress.net/ba-thap-nien-gian-kho-de-cham-moc-1-000-ty-usd-cua-nvidia-4686913.html,Ba thập niên gian khó để chạm mốc 1.000 tỷ USD của Nvidia
https://vnexpress.net/charlie-munger-cong-su-hoan-hao-cua-warren-buffett-4682666.html,Charlie Munger - cộng sự hoàn hảo của Warren Buffett
https://vnexpress.net/shein-thanh-ga-khong-lo-thoi-trang-nhanh-nhu-the-nao-4682267.html,Shein thành gã khổng lồ thời trang nhanh như thế nào
https://vnexpress.net/tu-that-nghiep-thanh-ceo-cong-ty-7-ty-usd-4681915.html,Từ thất nghiệp thành CEO công ty 7 tỷ USD
https://vnexpress.net/cuoc-chien-moi-giua-tesla-va-toyota-4681325.html,'Cuộc chiến' mới giữa Tesla và Toyota
https://vnexpress.net/starbucks-that-the-trong-cuoc-dua-ca-phe-o-trung-quoc-4679370.html,Starbucks thất thế trong cuộc đua cà phê ở Trung Quốc
https://vnexpress.net/cac-hang-xe-nhat-doi-mat-bai-toan-di-hay-o-tai-trung-quoc-4676384.html,Các hãng xe Nhật đối mặt bài toán đi hay ở tại Trung Quốc
https://vnexpress.net/tham-vong-voi-miss-universe-cua-ba-trum-thai-lan-4675206.html,Tham vọng với Miss Universe của 'bà trùm' Thái Lan
https://vnexpress.net/wework-tu-tri-gia-57-ty-usd-den-bo-vuc-pha-san-4671885.html,WeWork - từ trị giá 57 tỷ USD đến bờ vực phá sản
https://vnexpress.net/tham-vong-startup-trac-tro-cua-toyota-4670223.html,Tham vọng startup trắc trở của Toyota
https://vnexpress.net/giay-crocs-phat-minh-toi-te-kiem-ty-usd-4668523.html,Giày Crocs - 'phát minh tồi tệ' kiếm tỷ USD
https://vnexpress.net/nike-cham-chan-doi-moi-4667605.html,Nike chậm chân đổi mới
https://vnexpress.net/tu-tro-cuoi-den-doanh-thu-ty-usd-cua-hang-dep-duc-4664793.html,Từ 'trò cười' đến doanh thu tỷ USD của hãng dép Đức
https://vnexpress.net/90-nam-song-gio-cua-air-france-4664478.html,90 năm sóng gió của Air France
https://vnexpress.net/cuoc-doi-cham-chi-va-kin-tieng-cua-ong-chu-zara-4662358.html,Cuộc đời chăm chỉ và kín tiếng của ông chủ Zara
https://vnexpress.net/vua-duong-chau-a-buoc-sang-tuoi-100-4662025.html,'Vua đường châu Á' bước sang tuổi 100
https://vnexpress.net/byd-tu-hang-pin-thanh-moi-de-doa-lon-nhat-cua-tesla-4660761.html,BYD - từ hãng pin thành mối đe dọa lớn nhất của Tesla
https://vnexpress.net/ba-bai-hoc-giup-microsoft-khong-di-vao-vet-xe-do-cua-kodak-blackberry-4659366.html,"Ba bài học giúp Microsoft không đi vào vết xe đổ của Kodak, BlackBerry"
https://vnexpress.net/elon-musk-ty-phu-so-huu-the-luc-chinh-tri-tu-than-4658106.html,Tầm ảnh hưởng chính trị của Elon Musk
https://vnexpress.net/hang-banh-my-tung-2-lan-pha-san-truoc-khi-dat-gia-tri-4-6-ty-usd-4653984.html,"Hãng bánh Mỹ từng 2 lần phá sản trước khi đạt giá trị 4,6 tỷ USD"
https://vnexpress.net/cach-luckin-coffee-vuot-starbucks-thanh-chuoi-ca-phe-lon-nhat-trung-quoc-4652659.html,Cách Luckin Coffee vượt Starbucks thành chuỗi cà phê lớn nhất Trung Quốc
https://vnexpress.net/cuoc-khung-hoang-tai-volkswagen-4651768.html,Cuộc khủng hoảng tại Volkswagen
https://vnexpress.net/vi-sao-cac-tap-doan-khong-lo-ngay-cang-kho-sup-do-4645745.html,Vì sao các tập đoàn khổng lồ ngày càng khó sụp đổ?
https://vnexpress.net/doanh-nghiep-nhat-ban-ngay-cang-vang-mat-trong-nhom-lon-nhat-toan-cau-4645154.html,Doanh nghiệp Nhật Bản ngày càng vắng mặt trong nhóm lớn nhất toàn cầu
https://vnexpress.net/hang-ca-phe-dong-goi-lon-thu-hai-the-gioi-kien-tri-o-lai-nga-4643572.html,Hãng cà phê đóng gói lớn thứ hai thế giới kiên trì ở lại Nga
https://vnexpress.net/country-garden-tu-vo-dich-ban-nha-den-tung-quan-no-nan-4640142.html,Country Garden - từ vô địch bán nhà đến túng quẫn nợ nần
https://vnexpress.net/startup-ngan-hang-khoi-nguon-dam-me-chu-x-cua-elon-musk-4634265.html,Startup ngân hàng khởi nguồn đam mê chữ X của Elon Musk
https://vnexpress.net/blackberry-cuu-vuong-smartphone-that-bai-vi-niem-tin-sai-lam-4626537.html,BlackBerry – cựu vương smartphone thất bại vì niềm tin sai lầm
https://vnexpress.net/tesla-tang-toc-trong-cuoc-chien-voi-xe-xang-4625819.html,Tesla tăng tốc trong cuộc chiến với xe xăng
https://vnexpress.net/kodak-cuu-vuong-may-anh-that-bai-vi-ky-nguyen-so-4623386.html,Kodak - cựu vương máy ảnh thất bại vì kỷ nguyên số
https://vnexpress.net/hang-xe-dien-trung-quoc-thanh-nan-nhan-cua-cuoc-chien-gia-4621931.html,Hãng xe điện Trung Quốc thành nạn nhân của cuộc chiến giá
https://vnexpress.net/elon-musk-mark-zuckerberg-cuoc-chien-cua-cac-ty-phu-4620948.html,Elon Musk - Mark Zuckerberg: Cuộc chiến của các tỷ phú
https://vnexpress.net/ceo-nhieu-tham-vong-cua-hang-tau-lan-ngam-xac-titanic-4620350.html,CEO nhiều tham vọng của hãng tàu lặn ngắm xác Titanic
https://vnexpress.net/xe-dien-con-dau-dau-cua-chu-tich-toyota-4618502.html,Xe điện - cơn đau đầu của Chủ tịch Toyota
https://vnexpress.net/ty-phu-tung-giau-nhat-trung-quoc-no-luc-cuu-de-che-bat-dong-san-4618032.html,Tỷ phú từng giàu nhất Trung Quốc nỗ lực cứu đế chế bất động sản
https://vnexpress.net/hang-xe-dien-trung-quoc-tang-toc-trong-cuoc-dua-toan-cau-4614567.html,Hãng xe điện Trung Quốc tăng tốc trong cuộc đua toàn cầu
https://vnexpress.net/elon-musk-cuong-cong-viec-nhu-the-nao-4613397.html,Elon Musk cuồng công việc như thế nào
https://vnexpress.net/ong-trum-truc-thang-malaysia-4612354.html,Ông trùm trực thăng Malaysia
https://vnexpress.net/intel-tim-cach-thoat-vung-lay-4612308.html,Intel tìm cách thoát vũng lầy
https://vnexpress.net/william-j-o-neil-cha-de-cam-nang-goi-dau-giuong-cho-nha-dau-tu-4612177.html,William J. O'Neil - cha đẻ cẩm nang 'gối đầu giường' cho nhà đầu tư
https://vnexpress.net/chien-thuat-dau-tu-vao-chau-a-cua-warren-buffett-4609256.html,Chiến thuật đầu tư vào châu Á của Warren Buffett
https://vnexpress.net/kha-nang-khon-kheo-ve-chinh-tri-cua-elon-musk-4607703.html,Khả năng khôn khéo về chính trị của Elon Musk
https://vnexpress.net/nguoi-thua-ke-lvmh-muon-gay-dung-hang-dong-ho-ty-usd-4605447.html,Người thừa kế LVMH muốn gây dựng hãng đồng hồ tỷ USD
https://vnexpress.net/nha-ban-hang-thoi-trang-trung-quoc-khien-chau-au-lo-lang-4601703.html,Nhà bán hàng thời trang Trung Quốc khiến châu Âu lo lắng
https://vnexpress.net/vi-sao-warren-buffett-dat-cuoc-lon-vao-co-phieu-dau-mo-4601342.html,Vì sao Warren Buffett đặt cược lớn vào cổ phiếu dầu mỏ?
https://vnexpress.net/cuoc-song-luon-ban-ron-cua-ong-trum-hang-khong-gia-re-chau-a-4598975.html,Cuộc sống luôn bận rộn của ông trùm hàng không giá rẻ châu Á
https://vnexpress.net/cach-ngan-hang-nho-nhat-nuoc-my-ton-tai-qua-100-nam-4597319.html,Cách ngân hàng nhỏ nhất nước Mỹ tồn tại qua 100 năm
https://vnexpress.net/nu-hon-than-chet-cua-apple-4596416.html,'Nụ hôn thần chết' của Apple
https://vnexpress.net/tupperware-tu-bieu-tuong-nha-bep-den-nguy-co-pha-san-4593372.html,Tupperware - từ biểu tượng nhà bếp đến nguy cơ phá sản
https://vnexpress.net/tu-giao-pizza-thanh-mot-trong-nhung-ty-phu-tre-nhat-the-gioi-4590256.html,Từ giao pizza thành một trong những tỷ phú trẻ nhất thế giới
https://vnexpress.net/nguoi-co-nhiem-vu-giai-cuu-nganh-ngan-hang-thuy-si-4587251.html,Người có nhiệm vụ giải cứu ngành ngân hàng Thụy Sĩ
https://vnexpress.net/cuoc-song-cua-jack-ma-hau-alibaba-4586998.html,Cuộc sống của Jack Ma 'hậu Alibaba'
https://vnexpress.net/economist-adidas-kho-duoi-kip-nike-4585990.html,Economist: Adidas khó đuổi kịp Nike
https://vnexpress.net/cach-mot-nha-san-xuat-duc-tranh-anh-huong-tu-xung-dot-ukraine-4585740.html,Cách một nhà sản xuất Đức tránh ảnh hưởng từ xung đột Ukraine
https://vnexpress.net/nghi-van-chieu-ve-sau-thoat-xac-cua-hang-buon-dau-nga-4584262.html,Nghi vấn chiêu 've sầu thoát xác' của hãng buôn dầu Nga
https://vnexpress.net/toshiba-tu-tuong-dai-cong-nghe-den-ket-cuc-bi-mua-lai-4585127.html,Toshiba - từ tượng đài công nghệ đến kết cục bị mua lại
https://vnexpress.net/cuoc-khung-hoang-cham-dut-167-nam-ton-tai-cua-credit-suisse-4583166.html,Cuộc khủng hoảng chấm dứt 167 năm tồn tại của Credit Suisse
https://vnexpress.net/casetify-startup-op-lung-dien-thoai-thu-300-trieu-usd-mot-nam-4582919.html,Casetify - startup ốp lưng điện thoại thu 300 triệu USD một năm
https://vnexpress.net/10-gia-dinh-giau-nhat-chau-a-4582053.html,10 gia đình giàu nhất châu Á
https://vnexpress.net/cach-lego-thanh-hang-do-choi-lon-nhat-the-gioi-4580880.html,Cách Lego thành hãng đồ chơi lớn nhất thế giới
https://vnexpress.net/yahoo-cuu-vuong-internet-ngu-quen-tren-chien-thang-4576277.html,Yahoo - cựu vương Internet ngủ quên trên chiến thắng
https://vnexpress.net/nike-hang-giay-ra-doi-tu-bai-luan-trong-truong-dai-hoc-4574888.html,Nike - hãng giày ra đời từ bài luận trong trường đại học
https://vnexpress.net/su-ra-doi-va-sup-do-cua-de-che-dien-thoai-nokia-4573306.html,Sự ra đời và sụp đổ của đế chế điện thoại Nokia
https://vnexpress.net/cach-ong-chu-lvmh-thanh-nguoi-giau-nhat-the-gioi-4571998.html,Cách ông chủ LVMH thành người giàu nhất thế giới
https://vnexpress.net/adidas-tu-xuong-giay-sau-nha-thanh-cong-ty-hang-dau-the-gioi-4571460.html,Adidas - từ xưởng giày sau nhà thành công ty hàng đầu thế giới
https://vnexpress.net/shoichiro-toyoda-nguoi-giup-toyota-thanh-de-che-toan-cau-4570890.html,Shoichiro Toyoda - người giúp Toyota thành đế chế toàn cầu
https://vnexpress.net/thuong-hieu-ty-usd-burberry-ra-doi-nhu-the-nao-4570132.html,Thương hiệu tỷ USD Burberry ra đời như thế nào
https://vnexpress.net/doanh-nhan-ban-ron-nhat-nuoc-nga-thoi-chien-4568966.html,Doanh nhân bận rộn nhất nước Nga thời chiến
https://vnexpress.net/nguoi-giau-nhat-the-gioi-tim-cach-tranh-noi-chien-thua-ke-4567351.html,Cách người giàu nhất thế giới ngăn các con tranh giành quyền thừa kế
https://vnexpress.net/cuoc-khung-hoang-khien-gautam-adani-mat-ngoi-giau-nhat-chau-a-4565873.html,Cuộc khủng hoảng khiến Gautam Adani mất ngôi giàu nhất châu Á
https://vnexpress.net/richard-chandler-ty-phu-om-mong-tesla-nganh-hang-khong-4562642.html,Richard Chandler - tỷ phú ôm mộng 'Tesla ngành hàng không'
https://vnexpress.net/nguoi-giau-nhat-chau-a-kiem-40-ty-usd-mot-nam-the-nao-4553603.html,Người giàu nhất châu Á kiếm 40 tỷ USD một năm thế nào
https://vnexpress.net/duong-den-ngoi-giau-nhat-the-gioi-cua-ong-chu-lvmh-4548023.html,Đường đến ngôi giàu nhất thế giới của ông chủ LVMH
https://vnexpress.net/cong-ty-trung-quoc-doi-dau-amazon-tren-dat-my-4544823.html,Công ty Trung Quốc đối đầu Amazon trên đất Mỹ
https://vnexpress.net/30-tuoi-thua-ke-gan-16-ty-usd-tu-de-che-red-bull-4542047.html,30 tuổi thừa kế gần 16 tỷ USD từ đế chế Red Bull
https://vnexpress.net/cach-ga-khong-lo-xe-dien-trung-quoc-duoi-kip-tesla-4540982.html,Cách gã khổng lồ xe điện Trung Quốc đuổi kịp Tesla
https://vnexpress.net/ty-phu-tien-so-mat-hon-14-ty-usd-sau-mot-dem-4533907.html,Tỷ phú tiền số mất hơn 14 tỷ USD sau một đêm
https://vnexpress.net/26-tuoi-thanh-ty-phu-nho-quan-ly-ngoi-sao-ao-tren-youtube-4525255.html,26 tuổi thành tỷ phú nhờ quản lý ngôi sao ảo trên YouTube
https://vnexpress.net/thanh-ty-phu-nho-ban-do-cuoi-truyen-thong-4523001.html,Thành tỷ phú nhờ bán đồ cưới truyền thống
https://vnexpress.net/cuoc-doi-nu-doanh-nhan-khoi-nghiep-thanh-cong-nhat-nuoc-my-4520995.html,Cuộc đời nữ doanh nhân khởi nghiệp thành công nhất nước Mỹ
https://vnexpress.net/doanh-nhan-hong-kong-bong-thanh-ty-phu-giau-hon-ly-gia-thanh-4496375.html,Doanh nhân Hong Kong bỗng thành tỷ phú giàu hơn Lý Gia Thành
https://vnexpress.net/nu-ty-phu-giau-nhat-chau-a-mat-nua-tai-san-vi-dia-oc-4492942.html,Nữ tỷ phú giàu nhất châu Á mất nửa tài sản vì địa ốc
https://vnexpress.net/thanh-ty-phu-o-tuoi-87-4472042.html,Thành tỷ phú ở tuổi 87
https://vnexpress.net/elon-musk-ty-phu-kinh-doanh-bang-su-ngau-hung-va-niem-tin-4459361.html,Elon Musk – tỷ phú kinh doanh bằng sự ngẫu hứng và niềm tin
https://vnexpress.net/thanh-ty-phu-nam-68-tuoi-nho-co-phieu-cong-ty-tang-100-lan-4442470.html,Thành tỷ phú năm 68 tuổi nhờ cổ phiếu công ty tăng 100 lần
https://vnexpress.net/tu-nhan-vien-giao-pizza-thanh-trieu-phu-4422883.html,Từ nhân viên giao pizza thành triệu phú
https://vnexpress.net/nhung-nguoi-chi-duoc-lam-ty-phu-trong-choc-lat-4419851.html,Những người chỉ được làm tỷ phú 'trong chốc lát'
https://vnexpress.net/de-che-du-thuyen-cua-ty-phu-malaysia-sup-do-trong-dai-dich-4420076.html,Đế chế du thuyền của tỷ phú Malaysia sụp đổ trong đại dịch
https://vnexpress.net/thanh-ty-phu-sau-khi-bo-hoc-mo-cong-ty-thanh-toan-4417597.html,"Thành tỷ phú sau khi bỏ học, mở công ty thanh toán"
https://vnexpress.net/nu-ty-phu-lua-dao-tu-dinh-cao-den-tay-trang-4413038.html,Nữ tỷ phú lừa đảo - từ đỉnh cao đến tay trắng
https://vnexpress.net/giao-su-trung-quoc-thanh-ty-phu-nho-lap-hang-cong-nghe-4409601.html,Giáo sư Trung Quốc thành tỷ phú nhờ lập hãng công nghệ
https://vnexpress.net/cuoc-song-xa-xi-cua-nu-ty-phu-bi-ket-toi-lua-dao-4409321.html,Cuộc sống xa xỉ của nữ tỷ phú bị kết tội lừa đảo
https://vnexpress.net/bill-gates-elon-musk-hoc-duoc-gi-tu-steve-jobs-4408020.html,"Bill Gates, Elon Musk học được gì từ Steve Jobs?"
https://vnexpress.net/cuoc-dua-vu-tru-ao-cua-cac-ty-phu-4405644.html,Cuộc đua 'vũ trụ ảo' của các tỷ phú
https://vnexpress.net/nam-2021-dang-nho-cua-elon-musk-4403107.html,Năm 2021 đáng nhớ của Elon Musk
https://vnexpress.net/canh-bac-vaccine-that-bai-cua-ty-phu-trung-quoc-4403140.html,'Canh bạc vaccine' thất bại của tỷ phú Trung Quốc
https://vnexpress.net/chuyen-thua-ke-trong-gia-dinh-giau-nhat-chau-a-4395326.html,Chuyện thừa kế trong gia đình giàu nhất châu Á
https://vnexpress.net/ai-la-cha-de-cua-bitcoin-4383950.html,Ai là cha đẻ của Bitcoin?
https://vnexpress.net/cuu-cong-than-tesla-doi-dau-elon-musk-4388599.html,Cựu công thần Tesla đối đầu Elon Musk
https://vnexpress.net/vi-sao-warren-buffett-khong-thich-vang-4387556.html,Vì sao Warren Buffett không thích vàng?
https://vnexpress.net/nhung-dieu-khien-elon-musk-tro-nen-khac-biet-4380419.html,Những điều khiến Elon Musk trở nên khác biệt
https://vnexpress.net/doan-ket-buon-cua-ty-phu-trung-quoc-chuyen-thau-tom-tai-san-toan-cau-4362281.html,Đoạn kết buồn của tỷ phú Trung Quốc chuyên thâu tóm tài sản toàn cầu
https://vnexpress.net/pfizer-ga-khong-lo-vuon-len-tu-nhung-cuoc-chien-4263753.html,Pfizer - gã khổng lồ vươn lên từ những cuộc chiến
https://vnexpress.net/hang-xe-toyota-duoc-xay-dung-tu-mot-cong-ty-det-nhu-the-nao-4260782.html,Hãng xe Toyota được xây dựng từ một công ty dệt như thế nào?
https://vnexpress.net/cuoc-so-ke-cua-hai-ty-phu-giau-nhat-hanh-tinh-4259933.html,Cuộc so kè của hai tỷ phú giàu nhất hành tinh
https://vnexpress.net/chien-thuat-lam-giau-cua-ty-phu-kiem-tien-nhanh-nhat-the-gioi-4253933.html,Chiến thuật làm giàu của tỷ phú kiếm tiền nhanh nhất thế giới
https://vnexpress.net/sai-lam-10-ty-usd-cua-warren-buffett-4241299.html,Sai lầm 10 tỷ USD của Warren Buffett
https://vnexpress.net/tu-bi-duoi-hoc-thanh-ty-phu-game-trung-quoc-4226818.html,Từ bị đuổi học thành tỷ phú game Trung Quốc
https://vnexpress.net/cuoc-doi-ty-phu-nuoc-dong-chai-giau-nhat-chau-a-4214776.html,Cuộc đời tỷ phú nước đóng chai giàu nhất châu Á
https://vnexpress.net/nguoi-thua-ke-samsung-tim-cach-dua-de-che-thoat-cai-bong-cua-cha-4182048.html,Người thừa kế Samsung tìm cách đưa đế chế thoát cái bóng của cha
https://vnexpress.net/cach-ty-phu-tadashi-yanai-giup-uniqlo-vuot-qua-dai-dich-4178987.html,Cách tỷ phú Tadashi Yanai giúp Uniqlo vượt qua đại dịch
https://vnexpress.net/tu-cong-nhan-nha-may-thanh-ty-phu-4177940.html,Từ công nhân nhà máy thành tỷ phú
https://vnexpress.net/red-bull-tu-niem-tu-hao-thanh-bieu-tuong-bat-binh-dang-tai-thai-4158905.html,Red Bull - từ niềm tự hào thành biểu tượng bất bình đẳng tại Thái
